n, node,bify,lavamoat-node,lavamoat-bify,endo-unsafe
0,0.065050571,0.040061214,0.368208509,0.095914434,0.434066024
10000000,4.3383098,3.994635098,4.214355997,3.771720818,4.104946364
