n, node,bify,lavamoat-node,lavamoat-bify
0,0.043241011,0.033908172,0.34217487,0.075485898
10000000,4.274483091,4.212227021,4.059732506,3.675369446
