n, bify,endo-unsafe,lavamoat-bify,lavamoat-node,lavamoat-node scuttle,node
0,0.031301769,0.407729859,0.077789367,0.319732336,0.317308902,0.042729682
10000000,4.083908769,4.135214409,4.107702459,3.967700002,0.314147804,4.130897665
