n, node,bify,lavamoat-node,lavamoat-bify,endo-unsafe
0,0.054286005,0.032591215,0.356537495,0.079738109,0.424066034
10000000,4.576156361,4.496403423,4.467757349,4.18473859,3.991068506
