n, node,bify,bify+lavamoat,bify+lavamoat w/ harden
1,0.090893485,0.174699442,0.483000161,0.417841587
50,0.09371504,0.273419884,0.756702702,0.667058665
100,0.095943887,0.321743562,0.956973571,0.866366475
250,0.11472423,0.466627462,1.595221591,1.398266042
500,0.134352601,0.700757728,2.515828687,2.231748035
750,0.160899844,0.911251661,3.513186293,3.103641783
1000,0.190384671,1.11990654,4.545011921,3.972564975
