n, node,bify,bify+ses,bify+lavamoat,bify+lavamoat w/ harden
1,0.062452894,0.11148834,0.210555351,0.301187969,0.266583503
50000,0.167804948,0.109159771,0.218816213,0.358522527,0.277865012
100000,0.254778685,0.111016572,0.2163517,0.282974995,0.275784471
250000,0.529964991,0.122673462,0.236825902,0.349797583,0.326569501
500000,1.074444366,0.138161148,0.281941005,0.365760464,0.39139946
750000,1.550937493,0.152411602,0.293886955,0.427428775,0.496346362
1000000,1.965154115,0.16699049,0.354847219,0.466544357,0.565997849
