n, node,bify,bify+lavamoat,bify+lavamoat w/ harden
1,0.101319822,0.169560212,0.505749257,0.420895793
50,0.097765754,0.26897176,0.746858265,0.669750135
100,0.103359364,0.320867382,0.978306356,0.849365625
250,0.120327853,0.483983715,1.616997687,1.426904433
500,0.142892867,0.685524207,2.627506683,2.297942752
750,0.181696887,0.893555325,3.650599186,3.227866581
1000,0.210691441,1.106399626,4.876713183,4.101662677
