n, node,bify,bify+lavamoat,bify+lavamoat w/ harden
1,0.076509853,0.134237594,0.379245673,0.348680323
50000,0.174162364,0.125080509,0.385939549,0.333511366
100000,0.25646265,0.128231341,0.398322597,0.360379106
250000,0.514225411,0.142447857,0.448236648,0.398344458
500000,0.988995379,0.158280429,0.508437924,0.457891821
750000,1.422406309,0.166230867,0.554508274,0.516491286
1000000,1.899539563,0.185239305,0.627405024,0.581066459
