n, node,bify,bify+lavamoat,bify+lavamoat w/ harden
1,0.080952362,0.143955541,0.412095698,0.361256803
50,0.080902089,0.224037856,0.656869087,0.555942429
100,0.084207618,0.278672423,0.82353669,0.728813679
250,0.09252921,0.406385,1.326308143,1.152468977
500,0.110643321,0.576205239,2.399896619,1.865637107
750,0.131240978,0.759712381,2.912322657,2.571569359
1000,0.159812634,0.961075105,3.883540357,3.316605614
