n, node,bify,bify+lavamoat,bify+lavamoat w/ harden
1,0.080538994,0.146716586,0.391445565,0.339443
50,0.078491487,0.215845021,0.594115123,0.523346793
100,0.0794793,0.272927294,0.766816064,0.681809674
250,0.094939239,0.39598947,1.256238525,1.114507196
500,0.114112979,0.549374817,2.052418174,1.815138996
750,0.12931132,0.743047533,2.847585679,2.543197005
1000,0.153621671,0.917673013,3.660066121,3.260312808
