n, node,bify,bify+lavamoat,bify+lavamoat w/ harden
1,0.098028143,0.186216531,0.478066812,0.421708544
50,0.096521319,0.266368518,0.746535448,0.669894553
100,0.100580229,0.314108421,0.989559819,0.871997481
250,0.113785319,0.477668389,1.603024507,1.427043669
500,0.147874013,0.690907593,2.605092964,2.340470014
750,0.160024044,0.92297081,3.673146423,3.196167017
1000,0.196021503,1.134675927,4.646640356,4.105165166
