n, node,bify,bify+lavamoat,bify+lavamoat w/ harden
1,0.086034082,0.139880077,0.474803792,0.395703319
50,0.080557362,0.21097604,0.695377272,0.591206185
100,0.084998043,0.292963624,0.890042154,0.789943711
250,0.098230943,0.396344518,1.448273785,1.268265338
500,0.11229332,0.616266285,2.325185217,2.044953141
750,0.133695468,0.799118853,3.211412146,2.845310837
1000,0.156661642,0.990961564,4.151412143,3.636314042
