n, node,bify,bify+lavamoat,bify+lavamoat w/ harden
0,0.153214012,0.195436136,0.454229048,0.443125353
500,0.16864313,0.203211581,0.488508935,0.464748078
1000,0.177897338,0.204281826,0.502901155,0.480006246
2500,0.173081896,0.228830621,0.548293214,0.532493395
5000,0.196444952,0.236218035,0.630636838,0.632289506
7500,0.214388329,0.251524128,0.735145803,0.712525254
1000000,5.984558637,5.977387911,35.34631578,35.746594457
