n, node,bify,bify+ses,bify+lavamoat
0,0.161991029,0.1903939,0.367876828,0.520960106
5000,0.207454828,0.254758742,0.576873116,0.841379175
10000,0.244619551,0.287927094,0.780697399,1.118300344
25000,0.335168015,0.379064022,1.384389932,2.02883676
50000,0.51840966,0.546252529,2.363505419,3.476893926
75000,0.670618679,0.735205463,3.40355591,4.994863093
100000,0.853114412,0.885184203,4.40855497,6.479888587
