n, node,lavamoat-node
1,0.092091846,1.108473502
50,0.086097488,12.827233565
100,0.088388771,25.14112934
