n, node,lavamoat,lavamoat-no-defense
1,0.116834575,1.166591356,1.034059603
10,0.089071066,3.61930245,2.821306937
25,0.089634486,7.665175304,5.796611099
