n, node,bify,bify+lavamoat
1,0.108894851,0.141337268,0.46994763
50,0.078757219,0.226958394,3.100431605
100,0.082609208,0.279165735,4.807313027
250,0.096046475,0.417149861,12.05637581
500,0.119041548,0.618845993,23.788011342
750,0.130692413,0.796821087,36.967109331
1000,0.154004262,1.016041208,44.262507883
