n, node,lavamoat-node,bify,lavamoat-bify
0,0.085161434,0.504872059,0.132511126,0.267210438
25,0.073657771,2.378516539,0.193921204,1.358580607
