n, node,lavamoat-node,bify,lavamoat-bify,endo-unsafe
0,0.101014777,0.634602285,0.146573667,0.282287616,0.835190563
25,0.09505183,2.484144607,0.199846555,1.494242837,0.831160461
