n, node,lavamoat-node,bify,lavamoat-bify,endo-unsafe
0,0.084548227,0.504006591,0.13626784,0.255308001,0.66759414
25,0.075921834,2.408140424,0.187930757,1.357554734,0.893359925
