n, node,lavamoat
0,0.11527754,0.481727833
100,3.356785796,8.806434996
