n, node,lavamoat,endo-unsafe
0,0.11622996,0.458093513,1.162606313
100,3.148633847,9.298266226,1.22167307
