n, node,lavamoat
0,0.105673444,0.462307448
100,3.046827189,8.279216009
