n, node,lavamoat
0,0.124473644,0.463012195
100,3.196936209,8.476071252
