n, lavamoat-node,lavamoat-node scuttle,node
0,0.431888557,0.31342657,0.097844546
100,8.311058537,0.307311154,3.083626193
