n, node,lavamoat-no-defense
1,2.581591356,6.886804073
10,11.182089266,36.340266596
