n, node,lavamoat-node,bify,lavamoat-bify,endo-unsafe
0,0.03804697,0.314466205,0.036922626,0.099460282,0.38021747
5000000000,3.684232008,4.260012149,3.843510378,3.913322824,4.577302647
