n, node,lavamoat-node,bify,lavamoat-bify
0,0.03986169,0.306864096,0.039841011,0.077735402
10000000000,7.522157192,7.581690492,7.349044086,7.306024994
