n, node,lavamoat-node,bify,lavamoat-bify,endo-unsafe
0,0.053574319,0.452297975,0.029908432,0.082897103,0.483492059
5000000000,3.916342085,4.173224536,3.789678462,3.889670235,4.137583762
