n, bify,endo-unsafe,lavamoat-bify,lavamoat-node,lavamoat-node scuttle,node
0,0.032842412,0.433638406,0.082799122,0.333940446,0.31896257,0.034717228
5000000000,3.73806417,4.341032827,3.846443159,3.980376977,0.313169844,3.633606588
