n, node,lavamoat-node,bify,lavamoat-bify,endo-unsafe
0,0.035268923,0.335567188,0.030218324,0.08034608,0.368151752
100000000,0.163226447,6.095762624,0.120236462,6.474545855,6.503252173
