n, node,bify,bify+ses,bify+lavamoat
0,0.056557335,0.05088966,0.088659505,0.092316318
50000,0.055161661,0.055142591,0.087700561,0.827584697
100000,0.055193744,0.057285259,0.094121251,1.49600128
250000,0.06358018,0.063459424,0.111972484,3.615736315
500000,0.069220666,0.071901033,0.144954301,6.915318997
750000,0.080226499,0.079437164,0.17724641,10.621495629
1000000,0.091520036,0.08841613,0.201369381,13.965995101
