n, node,bify,bify+ses,bify+lavamoat
0,0.06077304,0.047820473,0.080146395,0.080443329
50000,0.049588652,0.049669692,0.079947253,0.774873429
100000,0.051456473,0.051325726,0.085106119,1.386476942
250000,0.057621248,0.057011923,0.100383046,3.427006812
500000,0.064448883,0.063856924,0.128552477,6.519889934
750000,0.072774258,0.07709764,0.162487825,9.822232614
1000000,0.080700016,0.080566297,0.184435469,13.052764556
