n, node,bify,bify+lavamoat,bify+lavamoat w/ harden
1,0.079327533,0.123391536,0.365605949,0.329071094
5000000,0.231822956,0.283324768,0.537254482,0.486544512
10000000,0.387518986,0.437027288,0.689648119,0.655964141
25000000,0.901330168,0.914847507,1.176024652,1.120369914
50000000,2.664253279,2.688728225,2.959900515,2.945733877
75000000,4.474267939,4.496588874,4.751370687,4.730908025
100000000,5.33585536,5.324269016,5.573467021,5.594719393
