n, node,bify,bify+lavamoat,bify+lavamoat w/ harden
1,0.102435417,0.154876077,0.471526535,0.415070876
5000000,0.293014198,0.354993987,0.668682327,0.615377907
10000000,0.500439073,0.565629654,0.896040552,0.84063987
25000000,1.114177809,1.184810408,1.497040446,1.443642471
50000000,3.398616626,3.628763038,3.722757315,3.820773662
75000000,5.647049558,5.680798763,6.057967868,5.968291934
100000000,6.747294689,6.874483542,7.073982518,7.061720869
