n, node,bify,bify+lavamoat,bify+lavamoat w/ harden
1,0.099132879,0.170737826,0.467836058,0.416853668
5000000,0.295518717,0.362341176,0.672721616,0.617233431
10000000,0.507857105,0.566725184,0.874618838,0.820360766
25000000,1.121454578,1.187243607,1.492443342,1.444021045
50000000,3.37129921,3.421174385,3.811244393,3.685293237
75000000,5.702673715,5.683196063,6.008780287,5.941141333
100000000,6.761941505,6.848850534,7.112876824,7.017378602
