n, node,bify,bify+ses,bify+lavamoat
1,0.066758696,0.113091498,0.249609531,0.36717836
5000000,0.242712668,0.299721996,0.77432837,0.514169992
10000000,0.428903294,0.486358561,1.382975833,0.680870434
25000000,0.965442784,1.040048341,3.265799953,1.245690693
50000000,3.017560826,3.117030722,7.23311108,3.283018651
75000000,5.134209172,5.151644868,10.83465996,5.325167317
100000000,6.110738571,6.192540303,14.042827519,6.434659144
