n, node,lavamoat-node,bify,lavamoat-bify
0,0.090011115,0.396427666,0.085871786,0.117724006
1000,0.687773683,1.472195577,0.681967798,1.213465582
