n, node,lavamoat-node,bify,lavamoat-bify
0,0.075595635,0.381805434,0.077298686,0.125014639
1000,0.664059501,1.510935628,0.651818373,1.191300581
