n, node,lavamoat-node,lavamoat-no-defense,bify,bify+ses,bify+ses-nolockdown
0,0.076888905,0.469933699,0.462151798,0.066828996,0.261260805,0.237277776
1000,0.886081592,0.464157931,0.453395096,0.899586323,2.186011711,1.779391217
