n, node,lavamoat-node,bify,lavamoat-bify
0,0.070803061,0.394136071,0.072313357,0.143871497
1000,0.722567072,1.513319154,0.668402998,1.329952215
