n, without,with,harden
1,0.175716064,0.442368154,0.371289639
50,0.224972956,0.679431888,0.581224577
100,0.284942723,0.870258339,0.7531745
250,0.441641357,1.426033226,1.31842275
500,0.62692117,2.268640724,2.156634828
750,0.854306346,3.171171878,2.835073302
1000,1.002861076,4.056006087,3.586002258
