n, node,bify,lavamoat-bify,lavamoat-node
0,0.055777417,0.039921754,0.086466323,0.33837241
5000000000,3.235547088,3.333906962,3.310595118,3.7126633
