n, bify,endo-unsafe,lavamoat-bify,lavamoat-node,lavamoat-node scuttle,node
0,0.03363996,0.42633248,0.07866838,0.315071121,0.316785372,0.065060695
5000000000,3.286449136,3.632171315,3.313892997,3.60232801,0.315719446,3.216560741
