n, node,bify,lavamoat-bify,lavamoat-node,endo-unsafe
0,0.039521976,0.054369509,0.114306843,0.30358305,0.467119632
5000000000,3.204279708,3.210933005,4.092511408,3.508140823,3.750178151
