n, node,bify,lavamoat-bify,lavamoat-node,endo-unsafe
0,0.066240873,0.04500413,0.087048975,0.33055636,0.464200195
5000000000,3.432784062,3.401241258,3.376636596,3.7087752,3.79883551
