n, node,bify,lavamoat-bify,lavamoat-node,endo-unsafe
0,0.289437006,0.243924174,0.462145639,0.93654414,0.806826983
5000,0.30575173,0.286086601,2.782789547,5.813080133,0.954900475
