n, node,bify,lavamoat-bify,lavamoat-node,endo-unsafe
0,0.254244965,0.210985009,0.387349189,0.789285069,0.681388474
5000,0.306811226,0.264021509,2.613425628,5.27269461,0.916450678
