n, node,bify,bify+ses,bify+lavamoat
0,0.161637707,0.189163179,0.35741872,0.52694726
5000,0.194872731,0.247675672,0.556230186,0.803676197
10000,0.236536714,0.276214155,0.765201032,1.098946353
25000,0.337825029,0.363317374,1.336293881,1.959724481
50000,0.488183275,0.546371447,2.290159232,3.386546472
75000,0.663637589,0.709495623,3.273569363,4.809069039
100000,0.821456742,0.869286345,4.300041455,6.314028856
