n, bify,endo-unsafe,lavamoat-bify,lavamoat-node,lavamoat-node scuttle,node
0,0.237895253,0.667076379,0.368986826,0.776105708,0.323643702,0.2441384
5000,0.273163533,0.881616592,2.630803534,5.27572038,0.302078277,0.282041423
