n, node,bify,lavamoat-bify,lavamoat-node
0,0.196323328,0.197548365,0.359769182,0.728980039
5000,0.263945815,0.238396961,2.519088487,5.241192147
